id,nome,idade,pais
1,joaosilva,34,Brasil
2,mariaribeiro,28,Argentina
3,paulopereira,41,Estados Unidos
4,anacarvalho,23,Canadá
5,luizsantos,37,Alemanha
6,fernandamartins,31,Brasil
7,rodrigocosta,45,Argentina
8,patriciaalmeida,26,Estados Unidos
9,danielsoares,52,Canadá
10,clararosa,22,Alemanha
11,marcosvinicius,39,Brasil
12,alineferreira,27,Argentina
13,ricardomonteiro,48,Estados Unidos
14,beatrizcampos,33,Canadá
15,eduardosouza,29,Alemanha
16,carolinalima,36,Brasil
17,thiagopires,24,Argentina
18,rafaelgomes,44,Estados Unidos
19,priscilamello,30,Canadá
20,brunocastro,38,Alemanha
21,vanessamartins,25,Brasil
22,felipemacedo,53,Argentina
23,amandasilva,21,Estados Unidos
24,leonardocosta,42,Canadá
25,patriciabarbosa,32,Alemanha
26,robertosilva,40,Brasil
27,daniellemoura,35,Argentina
28,antonioalves,50,Estados Unidos
29,camilaoliveira,20,Canadá
30,joaopaulo,46,Alemanha
31,marianunes,27,Brasil
32,rodriguesdias,54,Argentina
33,luanapereira,23,Estados Unidos
34,matheuscunha,43,Canadá
35,carolinaprado,31,Alemanha
36,viniciusmoraes,38,Brasil
37,fernandoramos,49,Argentina
38,paulasantos,28,Estados Unidos
39,brunamachado,34,Canadá
40,rafaelalmeida,55,Alemanha
41,danielaprado,24,Brasil
42,marcelosouza,47,Argentina
43,anapaula,22,Estados Unidos
44,rodrigomartins,36,Canadá
45,luizfernando,33,Alemanha
46,marciaribeiro,29,Brasil
47,sergiocosta,51,Argentina
48,patriciagomes,26,Estados Unidos
49,eduardoribeiro,40,Canadá
50,marianasilva,30,Alemanha
